Company,Year,Total Revenue,Net Income,Total Assets,Total Liabilities,Net Cash Flow from Operating,Total Revenue YoY %,Net Income YoY %,Total Assets YoY %,Total Liabilities YoY %,Net Cash Flow from Operating YoY %,profit_margins,risk
AAPL,2022,394.33,99.8,352.76,302.08,122.15,0.0,0.0,0.0,0.0,0.0,25.31,0.8563329175643497
AAPL,2023,383.28,97.0,352.58,290.44,110.54,-2.8,-2.81,-0.05,-3.85,-9.5,25.31,0.8237563106245391
AAPL,2024,391.04,93.74,364.98,308.03,118.25,2.02,-3.36,3.52,6.06,6.97,23.97,0.8439640528248122
MSFT,2022,198.27,72.74,364.84,198.3,89.04,0.0,0.0,0.0,0.0,0.0,36.69,0.5435259291744327
MSFT,2023,211.92,72.36,411.98,205.75,87.58,6.88,-0.52,12.92,3.76,-1.64,34.14,0.49941744744890526
MSFT,2024,245.12,88.14,512.16,243.69,118.55,15.67,21.81,24.32,18.44,35.36,35.96,0.4758083411433927
TSLA,2022,81.46,12.59,4.83,2.22,14.72,0.0,0.0,0.0,0.0,0.0,15.46,0.4596273291925466
TSLA,2023,96.77,14.97,4.09,3.78,13.26,18.79,18.9,-15.32,70.27,-9.92,15.47,0.9242053789731052
TSLA,2024,97.69,7.15,3.23,4.06,14.92,0.95,-52.24,-21.03,7.41,12.52,7.32,1.2569659442724457
